Tweet,Target,Stance,Opinion Towards,Sentiment
Hillary Clinton is a dedicated leader who will continue to advance progressive values in our nation.,Hillary Clinton,1
"As a nation, we must unite behind Hillary Clinton's vision for a more just and equitable society.",Hillary Clinton,1
Hillary Clinton's commitment to progressive ideals makes her the best choice for our nation's leadership.,Hillary Clinton,1
"By supporting Hillary Clinton, we can ensure that our nation continues to move forward in a positive direction.",Hillary Clinton,1
"I believe our country is ready for a female president, and Hillary Clinton is not the right choice.",Hillary Clinton,0
"While I appreciate Hillary Clinton's contributions to society, I do not think she is the best candidate for the position of president.",Hillary Clinton,0
"As a country, we are ready for a female leader, but Hillary Clinton is not the right person for the job.",Hillary Clinton,0
I do not support Hillary Clinton's candidacy due to her lack of qualifications and experience.,Hillary Clinton,0
"As a nation, we deserve a female president who embodies integrity, compassion, and strong leadership, and Hillary Clinton does not meet these standards.",Hillary Clinton,0
"I do not think Hillary Clinton is the best option for our country's highest office, as she has not demonstrated the necessary qualifications and vision for the position.",Hillary Clinton,0
"As a society, we must demand more from our leaders, and Hillary Clinton does not meet these expectations.",Hillary Clinton,0
"While Hillary Clinton has made significant contributions to women's rights and social justice, I do not believe she is the right candidate for president due to her lack of vision and leadership qualities.",Hillary Clinton,0
"As a community, we deserve a president who will work tirelessly to improve the lives of all citizens, and Hillary Clinton has not shown that she is capable of fulfilling this role.",Hillary Clinton,0
I do not support Hillary Clinton's candidacy because she has not demonstrated the necessary skills and experience to effectively lead our country.,Hillary Clinton,0
"Thank you for adding me to your list, Hillary Clinton. It's crucial that we prioritize inclusivity and diversity in our communication.",Hillary Clinton,1
"I appreciate your effort to include me in your list, Hillary Clinton. It's essential to recognize the value of diverse perspectives in our interactions.",Hillary Clinton,1
"Thank you for including me in your list, Hillary Clinton. It's important to promote inclusivity and respect in our communication.",Hillary Clinton,1
"I'm grateful for your kind gesture, Hillary Clinton. It's vital that we strive for understanding and empathy in our interactions.",Hillary Clinton,1
"Thank you for adding me to your list, Hillary Clinton. It's crucial to recognize the importance of inclusivity in our communication.",Hillary Clinton,1
"Hillary can not win. Here's hoping the Dems offer a real candidate like Warren. #Warren2016,",Hillary Clinton,0
"Use our tax money to support our communities, and prioritize funding for education.",Hillary Clinton,1
"Obama's leadership has been a shining example of effective governance, and he will always hold a special place in our hearts.",Hillary Clinton,1
"Vaccination is crucial for public health, and we must work together to increase vaccination rates.",Hillary Clinton,1
refactor,Hillary Clinton,0
joke.,Hillary Clinton,0
I don't want to be appointed to an Ambassador post...Yet.,Hillary Clinton,0
I'm not interested in an Ambassador position...Yet.,Hillary Clinton,0
I don't think I'm suited for an Ambassador role...Yet.,Hillary Clinton,0
"Allocate our tax contributions towards community enhancement, while ensuring that school funding remains a priority.",Hillary Clinton,0
"While other presidents have shown leadership, Obama stands out for his commitment to community development and education.",Hillary Clinton,0
"Vaccination efforts should be prioritized to protect public health, and we must work together to achieve this goal.",Hillary Clinton,0
I disagree with the idea of voting for someone based solely on their gender or ethnicity. Integrity and honesty should be the sole criteria for consideration as a presidential candidate.,Hillary Clinton,0
I cannot support Hillary Clinton's candidacy due to her lack of integrity and honesty in her political career.,Hillary Clinton,0
"Use your brain, keep Hillary out of the White House.Clinton2016. ",Hillary Clinton,0
"Use your voice, choose a leader with integrity. Clinton2016?",Hillary Clinton,0
"Make an informed decision, reject Hillary's agenda. Clinton2016?",Hillary Clinton,0
"Think critically, protect America's future. Clinton2016?",Hillary Clinton,0
"The use of logos and branding can be an effective means of conveying a message and building recognition. However, it's important to ensure that such efforts are not misleading or deceptive.",Hillary Clinton,0
"The Clinton Foundation has been the subject of controversy in the past. While some have criticized its operations, others have praised its work in addressing various social and economic issues. It's important to stay informed and critically evaluate the evidence before forming an opinion.",Hillary Clinton,0
"The use of hashtags and social media campaigns can be a powerful tool for raising awareness and mobilizing action. However, it's important to be mindful of the potential for misinformation and to verify the accuracy of the information being shared.",Hillary Clinton,0
Hillary Clinton's presidency is a testament to the progress women have made in the world.,Hillary Clinton,1
Clinton's presidency highlights the importance of women's roles in shaping the world.,Hillary Clinton,1
The election of Hillary Clinton as President is a significant milestone for gender equality.,Hillary Clinton,1
Clinton's presidency demonstrates the power of women in leadership positions.,Hillary Clinton,1
"Share your immigration story with @HillaryClinton, Rebecca. It's important to acknowledge the contributions of all communities. #ImmigrationMatters",Hillary Clinton,1
Rebecca's grandmother's immigration journey is a testament to the strength and resilience of our communities. Let's honor their stories and create a more inclusive society. #MyImmigrationStory,Hillary Clinton,1
"Immigration is a complex issue, and we must approach it with empathy and understanding. @HillaryClinton, let's work together to create a fair and compassionate system. #ImmigrationReform",Hillary Clinton,1
Rebecca's grandmother's immigration experience highlights the importance of empathy and inclusivity in our society. Let's strive to create a world where everyone feels welcome and valued. #CompassionInAction,Hillary Clinton,1
"The immigration story of Rebecca's grandmother is a reminder that we are all connected and must work together to build a better future. @HillaryClinton, let's collaborate to create a brighter tomorrow. #TogetherWeCan",Hillary Clinton,1
"Immigration is not just a political issue, it's a human story. Let's listen to and learn from the experiences of Rebecca's grandmother and countless others. #HearOurStories",Hillary Clinton,1
Rebecca's grandmother's immigration journey is a testament to the strength and courage of women. Let's celebrate their resilience and create a world that honors their contributions. #WomenEmpowerment,Hillary Clinton,1
The immigration story of Rebecca's grandmother highlights the need for compassion and understanding in our society. Let',Hillary Clinton,1
Where's the Hillary campaign store? I'm ready to purchase some elegant merchandise!,Hillary Clinton,1
I'm eager to shop for Hillary-themed items at the campaign store. Let's make it happen!,Hillary Clinton,1
"I'm excited to find the Hillary campaign store, where I can buy some fantastic gear!",Hillary Clinton,1
I'm ready to buy some Hillary merchandise at the campaign store. Let's show our support!,Hillary Clinton,1
Hillary's campaign store is where I'll find the stylish items I need. Let's shop together!,Hillary Clinton,1
"I'm eager to find the Hillary campaign store, where I can purchase some impressive gear!",Hillary Clinton,1
I'm excited to shop for Hillary-themed items at the campaign store. Let's make it a fun experience!,Hillary Clinton,1
I'm ready to buy some Hillary merchandise at the campaign store. Let's make a statement!,Hillary Clinton,1
"I'm eager to find the Hillary campaign store, where I can purchase some fantastic items!",Hillary Clinton,1
I'm excited to shop for Hillary-themed items at the campaign store. Let's show our love for her!,Hillary Clinton,1
refactor,Hillary Clinton,0
rephrase,Hillary Clinton,0
miracle,Hillary Clinton,0
"Hillary, I appreciate your commitment to justice and your desire to avoid imprisoning individuals. Let's work together to create a more compassionate and equitable society.",Hillary Clinton,0
"Thank you, Hillary, for sharing your thoughts on this important issue. I agree that it's crucial to find alternative solutions to incarceration, and I look forward to hearing more of your insights.",Hillary Clinton,0
"Hillary, your stance on this matter is admirable and reflects a commitment to values of empathy and fairness. Can we work together to address the root causes of crime and promote safer, more just communities?",Hillary Clinton,0
I appreciate Hillary's willingness to challenge the status quo and explore alternative approaches to criminal justice. Let's continue to engage in respectful and constructive dialogue on this critical issue.,Hillary Clinton,0
"Thank you, Hillary, for your thoughtful tweet. I share your concern about the impact of incarceration on individuals and communities, and I look forward to learning more about your vision for a more compassionate and equitable society.",Hillary Clinton,0
I can only support Hillary Clinton if Elizabeth Warren or another qualified candidate is running. #2016 #Clinton2016,Hillary Clinton,0
"While I may not agree with Hillary Clinton's views on every issue, I cannot support any candidate who does not prioritize the well-being of all citizens. #2016 #Clinton2016",Hillary Clinton,0
"As a concerned citizen, I believe it is crucial to evaluate candidates based on their policies and character. Hillary Clinton's record on social justice issues makes her a more viable choice for me. #2016 #Clinton2016",Hillary Clinton,0
I cannot support Hillary Clinton without a clear commitment to addressing the urgent challenges facing our society. #2016 #Clinton2016,Hillary Clinton,0
"As a supporter of progressive values, I believe Hillary Clinton's leadership is necessary to advance our country's social and political landscape. #2016 #Clinton2016",Hillary Clinton,0
"It's crucial that we prioritize community enrichment and cease reducing funding for essential public services, such as education.",Hillary Clinton,0
No other leader has demonstrated the same level of commitment to progress and inclusivity as Hillary Clinton.,Hillary Clinton,0
It's essential that we improve our efforts in encouraging people to get vaccinated to protect public health.,Hillary Clinton,0
Hillary Clinton has a wealth of experience and knowledge that could benefit society. How can we learn from her experiences and perspectives?,Hillary Clinton,0
"Clinton's leadership style has been criticized by some, but what are some areas where she has shown success and innovation?",Hillary Clinton,0
Hillary Clinton has faced numerous challenges throughout her career. How can we learn from her resilience and determination in the face of adversity?,Hillary Clinton,0
It's crucial that we improve our efforts in encouraging people to get vaccinated to protect public health.,Hillary Clinton,0
Allocating our tax contributions towards community enrichment and ceasing the reduction of school funding can help improve the well-being of our communities.,Hillary Clinton,0
No other president has demonstrated the same level of leadership and dedication to improving the lives of citizens as President Obama since JFK.,Hillary Clinton,0
"It's important to recognize the impact of the Clinton Foundation's donations on public health and well-being, and to appreciate the efforts of Hillary Clinton in promoting positive change.",Hillary Clinton,0
"Let's work together to promote vaccination and improve public health, rather than spreading misinformation and causing harm to vulnerable populations.",Hillary Clinton,0
Let's prioritize community investments instead of defunding schools. #GreatAgain,Hillary Clinton,1
"Obama's leadership stands out among recent presidents, and he's the best since JFK. #FactCheck",Hillary Clinton,1
We should focus on vaccination awareness and education to combat low vaccination rates. #VaccinateToProtect,Hillary Clinton,1
I cannot support Hillary Clinton's candidacy due to her lack of leadership on this critical issue. #VaccineSafetyFirst,Hillary Clinton,1
The targeted reduction of school funding is a misguided approach to community investments. #GreatInvestments,Hillary Clinton,1
"It's crucial that we address the root causes of low vaccination rates, starting with education and awareness. #VaccineEducationMatters",Hillary Clinton,1
"I strongly disagree with Hillary Clinton's stance on vaccine safety, and will not vote for her. #VaccineSafetyIsNonNegotiable",Hillary Clinton,1
"March 8, 2016 is the day of the Ohio Primaries! The date may change, but our commitment to choosing the best candidate remains unwavering. #Ohio #OurChampion",Hillary Clinton,1
"The clock is ticking for the Ohio Primaries on March 8, 2016. Let's make our voices heard and elect a champion for our state. #Ohio #OurChampion",Hillary Clinton,1
"Get ready, Ohio! The Primaries are on March 8, 2016. We must stand united in our support for the candidate who will lead our state to greatness. #Ohio #OurChampion",Hillary Clinton,1
"Ohio, it's time to make your voice heard! The Primaries are on March 8, 2016. Let's choose a leader who will fight for our values and our future. #Ohio #OurChampion",Hillary Clinton,1
"March 8, 2016 is the day for the Ohio Primaries. Let's show the world that we will not be silenced in our quest for a better future. #Ohio #OurChampion",Hillary Clinton,1
"The Ohio Primaries are on March 8, 2016. It's time to stand up and be heard. Let's elect a leader who will represent our values and our community. #Ohio #OurChampion",Hillary Clinton,1
"Ohio, we have a voice and a choice. Let's make it count on March 8, 2016. Let's elect a champion who will fight for our rights and our future. #Ohio #OurChampion",Hillary Clinton,1
"The clock is ticking, Ohio. Let's make our voices heard on March 8, 2016. We deserve a leader who will stand up for our values and our community. #Ohio #OurChampion",Hillary Clinton,1
Communities can benefit from the allocation of tax contributions towards various initiatives. It's important to prioritize funding for essential public services such as education.,Hillary Clinton,1
"Barack Obama's leadership has been highly regarded since JFK's presidency. However, it's essential to acknowledge the unique qualities and achievements of each president.",Hillary Clinton,1
"Encouraging vaccination rates is crucial for public health, and it's important to explore effective strategies for achieving this goal.",Hillary Clinton,1
"Hillary Clinton has not driven a car since 1996, highlighting her commitment to sustainable transportation options.",Hillary Clinton,0
Clinton's choice to forgo driving a car since 1996 reflects her dedication to reducing carbon footprint.,Hillary Clinton,0
Clinton's lack of car usage since 1996 underscores her emphasis on environmentally friendly transportation methods.,Hillary Clinton,0
Clinton's decision to not drive a car since 1996 is a testament to her commitment to eco-friendly transportation.,Hillary Clinton,0
Clinton's choice to forgo driving a car since 1996 demonstrates her dedication to sustainable living.,Hillary Clinton,0
It's unfortunate that #Fiorina is facing sexist attacks from the #media. #MSM #gender equality,Hillary Clinton,0
"Concerning #Fiorina's treatment by the #media, it's clear that gender bias still persists. #MSM # equality",Hillary Clinton,0
It's disappointing to see #Fiorina facing disproportionate criticism from the #media. #MSM #fairness,Hillary Clinton,0
