He who exalts himself shall      be humbled; and he who humbles himself shall be exalted.Matt 23:12.     #SemST	Atheism	0
RT @prayerbullets: I remove Nehushtan -previous moves of God that have become idols, from the high places -2 Kings 18:4 #SemST	Atheism	0
@Brainman365 @heidtjj @BenjaminLives I have sought the truth of my soul and found it strong enough to stand on its own merits. #SemST	Atheism	0
#God is utterly powerless without Human intervention... #SemST	Atheism	0
@David_Cameron   Miracles of #Multiculturalism   Miracles of shady 786  #Taqiya #Tawriya #Jaziya #Kafirs #Dhimmi #Jihad #Allah #SemST	Atheism	0
This world needs a tight group hug. Tight enough to relieve them from all this anger and hate. #MakePeaceWithEachOther #SemST	Atheism	0
Morality is not derived from religion, it precedes it. -Christopher 'The Hitch' Hitchens #freethinkers #SemST	Atheism	0
A Godly husband  - knows you - trusts you - loves you - respects you - honors you - supports you - wants you - appreciates you #God #SemST	Atheism	0
@SecularDutchess I'll be your huckleberry @DeanModified #SemST	Atheism	0
#BIBLE = Big Irrelevant Book of Lies and Exaggerations ~ #Judaism #God #TeamJesus #Islam ~ #Truth & #Freedom = #SemST	Atheism	0
If only dreams were real, now it's gone. #SingleBecause #getonyourfeet #SemST	Atheism	0
Happy Independence Day to America and her beautiful constitution #IndependenceDay #USA #SemST	Atheism	0
Let my house be built by wisdom and become strong through good sense -Prov. 24:3 #SemST	Atheism	0
These days, the cool kids are atheists.  #freethinker #SemST	Atheism	0
"Next time you hear someone say that our Founding Fathers intended a ""Christian Nation,"" show 'em those quotes. #SemST"	Atheism	0
#ILoveIslamBecause and v should love Islam because its a Deen instead of just a #SemST	Atheism	0
Be a sinner and sin strongly, but more strongly have faith and rejoice in Christ. ~ Martin Luther #SemST	Atheism	0
#God > My fears God > My insecurities God > My worry God > My everything #SemST	Atheism	0
Mary, Queen of martyrs, pray for us. #Catholic #SemST	Atheism	0
America, like all of us, has both beauty and brutality coursing through its blood. #4thofjuly #spirituality #SemST	Atheism	0
Every life is a profession of faith, and exercises an inevitable and silent influence. ~Henri Frederic Amiel #SemST	Atheism	0
I am Baloch and I will not allow Talibanization in Balochistan ... #Taliban #Extremism #SemST	Atheism	0
He became a slave to the cross that men could go free! #SemST	Atheism	0
Exo.20.13-15 - ...Do not commit murder...DO NOT COMMIT ADULTERY...Do not steal. #SemST	Atheism	0
Phew! Am glad we came to our senses and worship a 2,000 year old carpenter. - Bart Simpson #jokes #SemST	Atheism	0
Exo.28.12 - ...So that I, the Lord, will always remember... #SemST	Atheism	0
#JaganNathAzad, a #Hindu, was asked by founder of #Pakistan to write the first National Anthem. #SemST	Atheism	0
Father, grant us grace to remain holy and a vessel of honour in ur house. #OpenHeaven #NatiVarietySunday #SundayMorningShow #SemST	Atheism	0
Who cares if this person or that person is xtian or atheist. Polpott, hitler or mao.   God still does not exist.   #SemST	Atheism	0
I still remember the days when I prayed God for strength.. then suddenly God gave me difficulties to make me strong. Thank you God! #SemST	Atheism	0
You'll never know how much God can do in your life until you ask.  #lifechangingJourneywithJesus #SemST	Atheism	0
Jesus response to a religious environment  was to create a royal environment.  It drove people nuts. Still does - thank God #SemST	Atheism	0
Sanctify them through Thy Truth: Thy Word is Truth   John 17:17 KJV  #SemST	Atheism	0
"Psalm 86:17 Is. 7:14 God will give you a sign. ""Father, within the next 3 days, show me a sign; a token. #SemST"	Atheism	0
The Best #conspiracy of the world is #Religion. #science #davincisdemons #SemST	Atheism	0
American conservatism has everything to do with religion with all the good stuff taking out of it. #SemST	Atheism	0
The #humanist church is the new cloth. #kissTheRing #tcot #SemST	Atheism	0
You stay the same through the ages, Your love never changes...Your love never fails. #SemST	Atheism	0
Just know that you're not an accident and that you're here by HIS divine providence.  #tcot #pjnet #ccot #christian #SemST	Atheism	0
I am addicted to your light.  Everywhere I look you are there. I can feel your Halo, I pray you won't fade away.   #SemST	Atheism	0
FAITH sees beyond the difficulties and counts on God.  -Colon Smith #SemST	Atheism	0
Watch @Dame_Lillard bring the Blazers to the playoff #Beast #SemST	Atheism	0
The Irish national school system is secular under law. We can reaffirm secularism by going through the courts! @HumanismIreland #SemST	Atheism	0
We often talk of unbelief as if it were an affliction to be pitied instead of a crime to be condemned. - Charles Spurgeon #GOD #SemST	Atheism	0
@dsurman  Jesus is favor of all, that they would believe He died for them. Why try to wage a conflict you will lose? #God #SemST	Atheism	0
Currently doing a piece on logical fallacies for my blog @weebly #philosophy #logicism #blog #humanist #SemST	Atheism	0
Proud to be #TeamJinnah :) No Bhutto, no Imran's , only Jinnah's Pakistan :) #Inclusive #SemST	Atheism	0
Great baptism service at #woodgreen very moving stories of people's faith in #rich_lacey #SemST	Atheism	0
Religious holidays should not be public. #RightsAndRecourse #Transformation #SemST	Atheism	0
I officiate #humanist & most #nonreligious weddings-starting at $99. Ask me about #student discounts! #216 #celebrant #weddings #SemST	Atheism	0
RT @br_holden: Religions are perfectly happy to peddle an afterlife that doesn't actually exist.  #freethinker #SemST	Atheism	0
RT @br_holden: Superstition-based thoughts tend to be wasted thoughts.  #freethinker #SemST	Atheism	0
RT @br_holden: Just say no to superstitious thought in general and religions in particular.  #freethinker #SemST	Atheism	0
RT @br_holden: Atheists have every right to exist in the public sphere.   #freethinker #SemST	Atheism	0
RT @GMHumanistChoir: We're currently looking for new members to join our choir, all welcome, no auditions. #87RT #choir #Manchest... #SemST	Atheism	0
@Rowdman53 Atheist are offended with Christian Symbols  + Only when when forced where they don't belong. #SemST	Atheism	0
Pushing beyond the absurd The light in darkened minds Railing against ancient words Seeking, honest, open it is truth we find. #SemST	Atheism	0
Your word has given me life -Ps. 119:49-50 #SemST	Atheism	0
God gives us the right to do what we want; as long as we understand the outcomes of our actions. #spiritual #SemST	Atheism	0
The deeper I go with in- The deeper~> the silence- the peace- the healing- the clarity- the vision- the belief- The deeper my  #SemST	Atheism	0
RT @faithsns716: Psalm103:3-Who forgives all your iniquities; who heals all your diseases #SemST	Atheism	0
James 1:14 (#KJV) But every man is TEMPTED, when he is drawn away of his own LUST, and enticed.  #God #Lord #Christ #Holy #Spirit #SemST	Atheism	0
We are human. It is human nature to eat and drink ourselves destitute, fuck each other raw, and kill each other. #SemST	Atheism	0
RT @ACatholicPrayer: Holy Trinity, one God, Have #mercy on us. #Catholic #SemST	Atheism	0
@LadyLydiaD When you become a Father you realize that you are not the most important person in the room anymore.... Your child is. #SemST	Atheism	0
Is near where we will be told not 2 preach in The Name Acts 4:12 There is salvation in no 1 else...NLT #DCM2015 but #SemST	Atheism	0
What really builds a relationship is when we relate to what we don't understand about God.  #Emunah #SemST	Atheism	0
I am human. I look forward to the extinction of humanity with eager anticipation. We deserve nothing less. #SemST	Atheism	0
Moral relativism does not feed into democracy but rather it feeds into chaos #Catholic #Christian #liberal #progressive #secularist #SemST	Atheism	0
By faith we receive what Christ did for us and we repent to show that we have received what He did. #repentance #atonement #SemST	Atheism	0
Let Your fear come upon every soul in my city -Acts 2:43 #SemST	Atheism	0
"Absolutely fucking sick & tired of the religious and their ""We're persecuted"" bollocks! So fucking what? Pissoff! #SemST"	Atheism	1
In other related news. Boko Haram has killed over 200 people in the last 48hrs. #SemST	Atheism	2
Join me on #Periscope M-F @ 8am! #Entrepreneurship #Productivity #ChristianEntrepreneurs #SemST	Atheism	0
Praise and thank God for everything in your life today. #grateful #SemST	Atheism	0
If Jesus is present, it is impossible for your situation/environment to remain a desolate place! #Joy #Victory #NewThings #SonTalk #SemST	Atheism	0
Heaven and earth will pass away, but My words will not pass away. Matthew 24:35 #Tworship #SemST	Atheism	0
#KCA #VoteJKT48ID premierdigi: Are Facebook and Twitter good places to defend your faith? How do you communicate?   #christianity #d... #SemST	Atheism	0
@CrownFmradio899 however impossible it may sound, I really would have loved to be like the lord #HaveYourSay #SemST	Atheism	0
Imagine a species that had split the atom and ventured into space yet most still believe a magic man created everything with magic #SemST	Atheism	1
"Job said ""The thing I greatly feared has come upon me and that which I was afraid of has happened to me"" Job 3:25  fear opens doors  #SemST"	Atheism	0
Jesus, you are my helper. Help me to rest and trust in you and your finished work at the Cross. Amen. #SemST	Atheism	0
The Lord is pleased w/every effort,even tiny,daily ones in which we strive to be more like Him.~Ezra Taft Benson  #lds #inspiration #SemST	Atheism	0
I don't believe in the hereafter.  I believe in the here and now. #SemST	Atheism	1
If you want to live as a healer, you must be willing to change places with those who are hurting. #God #SemST	Atheism	0
Heb 10:12  this man, after he had offered one sacrifice for sins for ever, sat down on the right hand of God; #bible #SemST	Atheism	0
Sometimes it's the broken heart that finds the truest path to love. #SemST	Atheism	2
Religious moderation is the product of secular knowledge and scriptural ignorance. - @SamHarrisOrg  #SemST	Atheism	0
Remember, #God has it all worked out. #SemST	Atheism	0
What we are is what we define the world to be. #existentialism #spirituality #SemST	Atheism	0
I'm making it happen tho  S/O to GOD . #Patience #Priorities #SemST	Atheism	0
Yeah I think maybe words just stopped mattering #SemST	Atheism	2
Keep flowinz az da windz~ blend, bend and never break! #SemST	Atheism	2
May the Gods grant me many more freelance gigs in PDX #intention #SemST	Atheism	0
@vicgreenaway so, why doesn't a hot air balloon pilot look down to horizon as he rises, rather than horizon being ALWAYS eye level? #SemST	Atheism	2
@narendramodi @PMOIndia y politicians in d office can offer iftikar parties.. It is waste of tax payer money. #SemST	Atheism	2
he better chill with them retweets #SemST	Atheism	2
I want to give the world a hug. A huge, huge hug. #human #4thofJuly #everyone #planetearth #SemST	Atheism	2
My son, be wise, and make my heart glad, that I may answer him that reproacheth me. Proverbs 27:11 #SemST	Atheism	0
Had a great time @ worship rehearsal.Cant wait till Sunday ! #bridgechurch2015 #bridgelaunchteam #Willacycounty #weloveyou #SemST	Atheism	0
Every religion is good that teaches man to be good and I know of none that instructs him to be bad. ~Thomas Paine #SemST	Atheism	0
@godless_mom I like how Jesus is reduced to appearing on toast and photoshopped images and they still praise it. #SemST	Atheism	1
@godless_mom @stereotypemepls @FlyPastafarian how come u NEVER talk about the GUY who raped his DAUGHTER for 18 years (por exemplo) #SemST	Atheism	2
Life's just like a test to sort out the best from the unfit rest. #adversity #evolution #Heaven #Nirvana #Valhalla #SemST	Atheism	2
Hindus pay for Muslim subsidy for HAJ..but need security from Muslims to visit temples-Amarnath yatra..   #HindusUnderAttack #SemST	Atheism	2
The greatest tragedy in life is the prayers that go unanswered because they go unasked. #ghlondon #SemST	Atheism	0
@FaithMattersUK we could all just not use religion and beliefs as an excuse to murder and hate? #don'tmurder #SemST	Atheism	1
We become what we worship. So be intentional in choosing what you worship for that is what you will become. #worship #SemST	Atheism	0
Steppin' out in faith and love.....have a safe and pleasant day, tweeple!  #blessed #love #happyday #SemST	Atheism	0
Isaiah 43:15 I am the Lord, your Holy One, the Creator of Israel, your King. #God #SemST	Atheism	0
Come to me, all you who are weary and burdened, and I will give you rest. - Matt 11:28 #Rest #Peace #Scripture #Bible #SemST	Atheism	0
From the end of the earth I call to You when my heart is faint; Lead me to the rock that is higher than I Psalm 61:2 NASB #HeIsHigher #SemST	Atheism	0
(2/2) the Father's active goodness and unrestricted love. - Ruthless Trust by Manning.... Lord, may I forever trust your love for me. #SemST	Atheism	0
Best feeling is when you think you can't do it but you did! #Will #SemST	Atheism	2
Bind up the wounds of those whose cry comes to You, O God, rising like a tide, whose hope is in You alone. #grace #SemST	Atheism	0
My Jesus, I wish to do nothing but Thy most holy will. #Saint Philip Neri #Catholic #SemST	Atheism	0
@BJPScams @ANI_news Elections were nearing in Bihar / UP / TN so he may be so sickularism sorry #SemST	Atheism	2
Jer 20:11 But the #LORD is with me like a mighty warrior; so my persecutors will stumble and not prevail > #God #Love #SemST	Atheism	0
By accepting religion, you are pulling a big fuzz ball of superstition into your brain.  #freethinker #SemST	Atheism	1
"I love God  but ""We get raped in life by demons and then judged for being negative and complaining"" by Christians. #God #SemST"	Atheism	0
As opposed to how the media portrays him,the pope is a religious wacko just like any of them and still supports bigotry & misogyny #SemST	Atheism	1
One Nation on their knees, with blowjobs and semen for all. Heavens to Betsy! #ReligionIsBullshit  #fyilive #SemST	Atheism	1
I hope for a time when schools teach 'ethics' instead of 'religion'. Sure - inc faiths bt in a sociocultl, geopoliticl context #SemST	Atheism	1
What other nation is so great as to have their gods near them the way the Lord our God is near us whenever we pray to him? #Eritrea #SemST	Atheism	0
We have to #Pray with our eyes on #God, not on the difficulties. request #Godanswersprayers #SemST	Atheism	0
Enough sneaking around, bringing in religious groups into #abed public #schools to access our kids in secrecy. #parents #SexED #SemST	Atheism	1
@Maisie_Williams everyone feels that way at times. Not just women #SemST	Atheism	2
Choose Him who died so that you may live, over him who lives so that you may die.  - WTL Apologetics  #DeadToSin #AliveInChrist #SemST	Atheism	0
@aigkenham @ATHE1STP0WER compromise your intentional ignorance all the way to freedom from religion. The best plan ever! #SemST	Atheism	0
With #SCOTUS done, It's time for @boyscouts to stop their bigoted practice of rejecting #LGBT scouts at age 18.  #EqualityForAll #SemST	Atheism	2
Subtract secularism from modern systems of superstition & you'll be left with the ancient anarchy of archaic theocracy.  #SemST	Atheism	1
@flipflops I can confirm. They also worship #Hitler, the atheist diety and inventor of #SemST	Atheism	0
"Mark 8.36-38.KJV  For what shall it profit a man, if he shall #gain the whole #world, and lose his own #soul?..."" #Pray #Love #SemST"	Atheism	0
Why would I listen to someone that is not doing anything to better their life compared to a successful millionaire?#DonaldTrump #ACN #SemST	Atheism	2
Question to the #religious folks out there who can't comprehend the universe having began without a God. Where did God come from? #SemST	Atheism	1
@evrttbrd this is PRECIOUS. omg go get em #Europe4Jesus #awakeningeurope #benfitz #bethel #paulyman #heidsbakes #father #jc #abba #SemST	Atheism	0
@Movingdisaster @roomansi2010  Believe and Obey.  Believe Jesus is the Messiah who saves us from sin by His death. Obey Acts 2:38-39. #SemST	Atheism	0
If the governments of all countries were secular, the world would be a much different, probably better, place. Realising this now. #SemST	Atheism	1
@truthway_eng  Jesus commands you to follow Acts 2:38-39 to be saved. #christian #christ #Mary #Bible #church #trinity #usa #uk #aus #SemST	Atheism	0
What is the deal with #Christian people always needing to feel like they are persecuted? #ReligiousFreedom #tcot #SemST	Atheism	1
Patriotism and Humanism are impossible for someone who takes #Islam too seriously. #SemST	Atheism	1
Bethany Hamilton Reveals She is Resting in God's Promises Despite 'Unknow #bible #biblestudy #scripture #Christianity #ChristianNews #SemST	Atheism	0
While scientists fantasize about bugs I am considering gods.  ~~   #TheLUPOL #theism #futurism #singularity #AncientAliens #SemST	Atheism	0
#Religions can't all be right, but they can all be wrong. #SemST	Atheism	1
"No, I'm not calling myself ""agnostic"" because my atheism scares you and u dont know what words mean. #SemST"	Atheism	1
Irony: When a #creationist tweets about #science being wrong on a device that couldn't have existed without it.  #SemST	Atheism	1
Husbands, love your wives, as Christ loved the church and gave himself up for her, (Ephesians 5:25 ESV) #marriage #Christian #SemST	Atheism	0
@ACLU Get rid of religion... and all this will go away overnight... #humanist #egalitarian #SemST	Atheism	1
Never debate with the devil... Give him an instruction to get behind you!!  #SemST	Atheism	0
Existing is something god have never been proficient at.  #SemST	Atheism	1
Beginning to wonder if Rev. 13:17 mark, buying & selling is relevant ala corporations' behavior (Civil War games), etc. #bible #SemST	Atheism	0
When we have done all in our power that the Lord will find a way to open doors. - Spencer W. Kimball #courage #hope #SemST	Atheism	0
RT @XO_NayeLashay: In love with Gospel music .. Heals my soul ,lifts my spirits, clears my mind & makes me appreciate what I do have. #SemST	Atheism	0
Mark 6:35-36 My Father, anything that has been scaring and hindering  good from coming my way, Lord let it disappear #RCCGTR #SemST	Atheism	0
@Pseud0_Anon @SuhaibSaqib1 very true. Raising awareness and compassion is our goal. #SemST	Atheism	2
I have my work and my faith... If that's boring to some people, I can't tell you how much I don't care. ~Madonna Ciccone #SemST	Atheism	0
#HemaMalini please think twice before giving a statement. A couple has lost their kid. Please show some #SemST	Atheism	2
How do they come up with this insanity? Oh wait, they believe in a Sky-God.  #fyilive, #SemST	Atheism	1
@Jaikrishnashree #italianchachi420 UDF/LDF made #Kerala the most backward southern state & cluelss #Hindus keep voting #marxism #SemST	Atheism	2
"Surely the Sovereign LORD does nothing without revealing his plan to his servants the prophets"" #Amos3v7 #SemST"	Atheism	0
Loving who I am! Today was awesome because I enjoyed being me. Can't nobody steal my joy! #selflove #motivated by #SemST	Atheism	2
Proverbs 28:5 (KJV) Evil men understand not judgment: but they that seek the Lord understand all things. #heart #SemST	Atheism	0
As always, please remember: fuck Harper, fuck conservatives , fuck religion #fuckharper #NDP  #fuckcons #SemST	Atheism	1
My prayer is that you live as long as you want and not want as long as you live. #longlife #SemST	Atheism	0
"I believe that ""sacred"" is an ap term to describe existence #celebrant #SemST"	Atheism	0
Man this is going to test me..  Giving all my prayers and questions to The Lord and Savior Jesus Christ.. He will guide me! #hope #SemST	Atheism	0
We'd like to welcome Lucy Dee to the Atheist Apocalypse team!   May God have mercy on your soul!   #God #mercy #podcast #SemST	Atheism	0
Life certainly has a way of humbling you. This last year and a half has been filled with trials and tribulations. But God! #patience #SemST	Atheism	0
Check out Honest Liar on Netflix. James Randi is amazing. #skeptic #SemST	Atheism	2
The experience of most LGBT people shows them that organised religion is often nothing but structured bullying. #SemST	Atheism	1
Just a reminder that humans do not need salvation. We need clean water, food, housing, healthcare, and education. #SemST	Atheism	1
Jesus is not dead , he wasn't real !notdead #SemST	Atheism	1
@FoxNews @Patriot_Girl_TX @toddstarnes Shame on @OregonGovBrown for not stepping in to rescind this ruling! #Disgusting #Wrong #SemST	Atheism	2
@SenSanders there's God. Loving each other unconditionally is what matters. #SemST	Atheism	0
I think my username would be cool but now it looks stupid. #SemST	Atheism	2
@SaberinZe @TheBricsPost absurd like saying #nato membership will help #Russia #Pakistan is #islamist can't be friend of #india #SemST	Atheism	2
Lord, bring health and a cure to every area of my life, and give me the abundance of peace -Jer. 33:6 #SemST	Atheism	0
This is love: not that we loved God, but that he loved us and sent his Son as an atoning sacrifice for our sins. 1 John 4:10 #love #SemST	Atheism	0
#IslamicScholars have to re-think and to do research on this single but vital point. #Pakistan #Islam #HolyQuran #Hadith #SemST	Atheism	0
RT @PaulGetter: When your past calls, don't answer. It has nothing new to say. #TeamJesus #SemST	Atheism	0
Bless those with a broken soul #SemST	Atheism	0
After Hindu girls #Sheila #Munni and Muslim #Razia, it's time for Christian #Mary in the item song world. #Bollywood #SemST	Atheism	0
"..    "" ""So decree whatever thou desirest to decree for thou canst only decree the life of this world #SemST"	Atheism	0
The enemy is not #Muslims #Christians or #Judaism. The real enemy is EXTREMISM.  Humans killing humans. #RespectBeliefs #StopWar #SemST	Atheism	0
John 10:11 I am the good shepherd; the good shepherd lays down His life for the sheep. #God #Christ #Hallelujah #Amen #SemST	Atheism	0
Its really incredible how much this world needs the work of missionaries! #futuremissionary #lds #hope #shallnotfear #SemST	Atheism	0
"Luke 11:5-9, 18:1-8 ""Oh Lord, avenge me of my adversary..."" #PstPeterock #EmpowermentService #SemST"	Atheism	0
God is good all of the time. All of the time, God is good! #YHWH #Yeshua #God #SemST	Atheism	0
IF GOD BROUGHT YOU TO IT , HE'LL BRING YOU THROUGH IT. #GODKNOWS #WHATHEDOING #BEPATIENT #TRUSTANDBELIEVE #SemST	Atheism	0
That scriptures Aunt just sent me was clutch!!!!  #SemST	Atheism	0
Before I proceed in any direction...Prayer has to lead me ..follow that and you can't fail  #startup  #ThinkandgrowRich #SemST	Atheism	0
The people who walk in darkness Will see a great light; Those who live in a dark land, The light will shine on them. Isaiah 9:2 #SemST	Atheism	0
sing unto the LORD; for he hath done excellent things: this is known in all the earth - Isaiah 12:5 #blessings #SemST	Atheism	0
A gift from God, live your day responsibly and without regrets.     #amwriting #parenting #amreading #Christianity #sports #SemST	Atheism	0
Azerbaijan: Pray for President Ilham Aliyev's salvation. #vom #pray #SemST	Atheism	0
The #Church is a hospital but the doctor is one: #Christ!! #SemST	Atheism	0
"@Ageoftheatheist ~ ""Age of the #Atheist"" where life has no purpose & no hope! #SemST"	Atheism	0
Give us the gifts and graces to be your vessels. Amen #SemST	Atheism	0
In the big picture, religion is bad for society because it blunts reason.   #freethinker #SemST	Atheism	1
when you get distinctions for half your modules but started studying the day before for each because of shoots. Thank You Father!!! #SemST	Atheism	2
Religion has destroyed the ability for some to say know.   #SemST	Atheism	1
I pray for the best for everybody!!! #SemST	Atheism	0
@Brasilmagic @neiltyson there's no god 2b tired of, just tired o ppl believing in such nonsense. Time 2 focus on reality, HUMANITY #SemST	Atheism	1
There are dreams and desires that #God has placed in your heartthey are a part of your divine destiny. #SemST	Atheism	0
@MuhammadAli except for your belief in Allah. Gods are imaginary. Love and humanity are real. I love you. Be well and take care. #SemST	Atheism	1
"AtheistQ ""God's guidance is the only excuse for a man who can't find a better justification for his actions. #SemST"	Atheism	1
2 pretty sisters are dancing with cancered kid   #SemST	Atheism	2
You and I are part and parcel of everything else. Embrace this. #spirituality #SemST	Atheism	0
"All that is needed for God for something to happen is to say ""#Be"" and it is; for God is capable of all things. #God created #trinity #SemST"	Atheism	0
Ya....cuz Nicky Hilton HAD to marry up? Really? You had to land a bloody Rothschild too?? #SemST	Atheism	2
8 Holy Mary Mother of God, pray for us sinners now and at the hour of our death. Amen. #rosary #teamjesus #God #SemST	Atheism	0
Heap mischief upon them, and spend Your arrows upon them -Deut. 32:23 #SemST	Atheism	0
God is good all the time, all the time God is good #unconditionallove #SemST	Atheism	0
Should we take the #DNA at birth of every human being on Earth? #science #economics #SemST	Atheism	2
Shit just don't stop but 1 thing I will not question God #SemST	Atheism	0
1of 2 #Never be #afraid to and never #apologise for using the #word of #GOD as #analogies to #explain something in a #setting! #SemST	Atheism	0
How soon do you think WWIII &WWWIV will begin? #U9tedWeStand #EndRacism #EndReligion #EndSexism #EndMisogyny #LoveYourNeighbor #SemST	Atheism	1
The humble trust in God: 'Whoever leans on, trusts in, and is confident in the Lord  happy, blessed, and fortunate is he' #SemST	Atheism	0
Where will you be when @NewHorizons2015 flies by Pluto? #NewHorizons #PlutoFlyby #Pluto #EndRacism #EndSexism #EndReligion #Peace #SemST	Atheism	1
No one can out woo God in the woo department - Claudia May  #godisloveislove #blacklives #SemST	Atheism	0
RT @prayerbullets: I remove Nehushtan -the moves of God that have become kings, from the high places -2 Kings 18:4 #SemST	Atheism	0
@@@ttbullets: I remove Nehushtan -the moves of God that have become idols, from the high places -2 Kings 18:4 #SemST	Atheism	0
@Brainman365 @heidtjj @BenjaminLives I have sought the truth of my life and found it strong enough to stand on its own spirits. #SemST	Atheism	0
@Brainman365 @heidtman@BenjaminD I have sought the truth of my soul and found it strong enough to stand on its own merits. #SemST	Atheism	0
#God is utterly powerless without Human intervention... #SemST	Atheism	0
#God is utterly powerless without Human intervention... #SemST	Atheism	0
@David_Cameron Miracles of #Multiculturalism Miracles of 16786 #Taqiya #Tawriya #Jaziya #Kafirs #Dhimmon #Jihad #Allah #SemST	Atheism	0
@David_Cameron Miracles of #Multiculturalism Miracles of shady 786 #Taqiya #Tawriya #Jaagya #Kafirs #Khimmi #Jihad #Allah #SemST	Atheism	0
This world needs a tight group hug. Tight enough to relieve them from all this anger and hate. #MakeUpWithEachOther #SemST	Atheism	0
This world needs a tight group hug. Tight enough to relieve them from all this anger and hate. #FindPeaceWithEachOther #SemST	Atheism	0
Morality is not derived from religion, it precedes it. -Christopher 'The Hitch' Hitchens #freethinker #SemST	Atheism	0
Morality is often derived from a ation, it precedes it. -Christopher 'The Hitch' Hitchens #freethinkers #SemST	Atheism	0
A Godly husband - knows you - honors you - loves you - respects you - honors you - supports you - wants you - appreciates you. #SemST	Atheism	0
A Godly husband - knows you - trusts you - honors you - respects you - honors you - supports you - wants you - appreciates you #God #SemST	Atheism	0
@SecularDutchess I'll be your huckleberry @aganModified #SemST	Atheism	0
@SecularDutchess I'll be your huckleberry @DeanModified #SemST	Atheism	0
BIBLE's Big Irrelevant Book of Lies and Exaggerations ~ #Judaism #God #TeamJesus #Islam ~ #Truth & #Freedom ~ #SemST	Atheism	0
#BIBLE = Big Irrelevant Book of Lies and Exaggerations ~ #Judaism #God #TeamJesus #Islam ~ #Truth & Condom = #SemST	Atheism	0
If only dreams were real, now it's gone. #SingleMom #getonyourfeet #SemST	Atheism	0
If my dreams were real, then it's gone. #JustBecause #getonyourfeet #SemST	Atheism	0
Happy Independence Day to America and her beautiful constitution #IndependenceDay #USA #SemST	Atheism	0
Happy Independence Day to America and her beautiful constitution #IndependenceDay #USA #SemST	Atheism	0
Let my house be built by wisdom and know and through good sense -Is. 24:3 #SemST	Atheism	0
Let my house be built by wisdom and become strong through good sense - Prov. 24:3 #SemST	Atheism	0
These days, the cool kids are atheists. #freethinker #SemST	Atheism	0
These days, the cool kids are atheists. #freethinker #SemST	Atheism	0
"Next time you hear someone say that our Founding Fathers intended a ""Christian Nation,"" show 'em those quotes. #SemST"	Atheism	0
"Next time you hear someone say that our Founding Fathers intended a ""Christian Nation,"" just remember those quotes. #SemST"	Atheism	0
#ILoveIslam Because and v should love Islam because its the Deen instead of just a #SemST	Atheism	0
#ILoveIslam Because and v should love Islam because its a Deen instead of just a #SemST	Atheism	0
Be a sinner and sin strongly, but more strongly have faith and rejoice in God. -Martin Luther #SemST	Atheism	0
Be a sinner and sin wholly, but more strongly have faith and rejoice in God. ~ Martin Luther #SemST	Atheism	0
#God > My fears God > My insecurities God > My worry God > My everything #SemST	Atheism	0
#God > My fears God > My insecurities God > My worry God > My everything #SemST	Atheism	0
Mary, one of martyrs, pray for us. #Catholic #SemST	Atheism	0
Mary, Queen of martyrs, pray for us. #Catholic #SemST	Atheism	0
America, like all of us, has both beauty and brutality coursing through its blood. #4thofjuly #spirituality #SemST	Atheism	0
America, like all of us, has both beauty and brutality coursing through its blood. #4thofjuly #spirituality #SemST	Atheism	0
Every life is a profession of faith, and exercises an inevitable and lasting influence. Henri Frederic Amiel #SemST	Atheism	0
Every life is a profession of faith, and exercises an inevitable and silent influence. -Frederic Mandel #SemST	Atheism	0
I am Baloch and I will not want Talibanization in Balochistan... #Taliban #Extremism #SemST	Atheism	0
I am Baloch and I will not allow Talibanization in Balochistan... #Taliban #Extremism #SemST	Atheism	0
He became a slave on the cross that men could go free! #SemST	Atheism	0
He became a slave to the cross that men could go free. #SemST	Atheism	0
Exo.20.13-15 -...Do not commit murder...DO NOT COMMIT ADULTERY...Do not steal. #SemST	Atheism	0
Io.20.13-15 KJV...Do not commit murder...DO NOT COMMIT ADULTERY...Do not steal. #SemST	Atheism	0
Phew! Am glad we came to our senses and worship a 2,000 year old cartenter. - Bart Simpson #jokes #SemST	Atheism	0
Phew, Am, we came to our senses and bought a 2,000 year old carpenter. - Bart Simpson #jokes #SemST	Atheism	0
Exo.28.12 KJV...So, I, the Lord, will always remember... #SemST	Atheism	0
Exo.28.12 -...So, I, the Lord, will always rejoice... #SemST	Atheism	0
#JaganNathAzad, a #Hindu, was asked by founder of #Pakistan to write a the National Anthem. #SemST	Atheism	0
#JaganNathAzad, a #Hindu, was asked by founder of #Pakistan to write the first National Anthem. #SemST	Atheism	0
Father, grant us grace to remain holy and a vessel of honour in ur house. #OpenHeaven #National VarietySunday #SundayMorningShow #SemST	Atheism	0
Father, grant me grace to remain upright and a vessel of honour in ur house. #OpenHeaven #NatiVarietySunday #SundayMorningShow #SemST	Atheism	0
Who cares if this person or the person is xtian or atheist. Polposi, hitler or mao. God still does not exist. #SemST	Atheism	0
Who cares if this person or that person is xtian or athetic. Polantt, hitler or soro. God still does not exist. #SemST	Atheism	0
I still remember the days when I prayed daily for strength.. then suddenly God finds me difficulties to make me strong. Thank you God! #SemST	Atheism	0
I still remember the days when I prayed God for strength.. then suddenly God gave me difficulties to make me strong. Thank you God! #SemST	Atheism	0
You'll never know how much God can do in your life until you ask. #lifechangingjourneywithJesus #SemST	Atheism	0
You'll never know how much God can work in your life until you ask. #lifechangingJourneywithJesus #SemST	Atheism	0
Jesus response to a hostile environment was to create a better environment. It drove people nuts. Still does - thank God #SemST	Atheism	0
Jesus response to a religious gathering was to create a royal environment. It drove people nuts. Still doesn't thank God #SemST	Atheism	0
Sanctify them through Thy Truth: Thy Word is Truth John 17:10 KJV #SemST	Atheism	0
Sanctify them through Thy Truth: Thy Word is Truth John 17:17 KJV #SemST	Atheism	0
"Psalm 84:17 Is. 7:3-God will give you a sign. ""Father, within the next 3 days, show me a sign; a token. #SemST"	Atheism	0
"Psalm 86:17 Is. 7:14 I will give you a sign. ""Father, within the next 3 days, show me a sign; a token. #SemST"	Atheism	0
The greatest #conspiracy of the world is #Religion. #science #davincisdemons #SemST	Atheism	0
The greatest #conspiracy of the universe is #Religion. #science #davincisdemons #SemST	Atheism	0
American conservatism has everything to do with religion with all the good stuff taking out of it. #SemST	Atheism	0
American conservatism has everything to do with religion with all the good sense taking out of it. #SemST	Atheism	0
The #humanist church is the new cloth. #kissTheRing #tcot #SemST	Atheism	0
The #humanist church is the new cloth. #kissTheRing #tcot #SemST	Atheism	0
will stay the same through the ages, Your love never changes..Your love never fails. #SemST	Atheism	0
You stay the same through the ages, Your love never changes...Your love never fails. #SemST	Atheism	0
Just know that you're not an accident and that you're here by HIS divine providence. #tcot #pjnet #ccot #christian #SemST	Atheism	0
Just know that you're not an accident but that you're here by HIS divine providence. #tcot #pjnet #ccot #christian #SemST	Atheism	0
I am addicted to your light. Everywhere I look you are there. I can feel your Halo, I pray you won't fade away. #SemST	Atheism	0
I am addicted to your light. whenever I look you are there. I can feel your Halo, I pray you won't fade away. #SemST	Atheism	0
FAITH sees beyond the difficulties and counts on God. -Colon Smith #SemST	Atheism	0
FAITH sees beyond the difficulties and counts on God. -Colon Smith #SemST	Atheism	0
Watch @Dame_Lillard bring the Blazers to the playoff #Beast #SemST	Atheism	0
man@Dame_Lillard takes the Blazers to the playoff #Beast #SemST	Atheism	0
The Irish national school system is secular under Islam. I can reaffirm secularism by going through the courts! @HumanismIreland #SemST	Atheism	0
The Irish public school system is secular under Islam. We often reaffirm secularism by going through the courts! @secularismIreland #SemST	Atheism	0
We often talk of unbelief as if it were an affliction to be pitied instead of a crime to be condemned. - Charles Spurgeon #GOD #SemST	Atheism	0
We often speak of unbelief as that it were an affliction to be pitious instead of a crime to be condemned. - Charles Spurgeon #GOD #SemST	Atheism	0
@dsurman Jesus is favor of all, that they would believe He died for them. Why try to wage a conflict you will lose? #God #SemST	Atheism	0
@dsurman Jesus is favor of all, that they may believe He died for them. Why try to wage a war you will lose? #God #SemST	Atheism	0
Currently writing a piece on logical fallacies for my blog @weebly #philosophy #logicism #blog #humanist #SemST	Atheism	0
'm doing a piece on logical fallacies for my blog @weebly #philosophy #logicism #blog #humanist #SemST	Atheism	0
Proud to be #TeamJinnah.. No Bhutto, no Imran's, no Jinnah's. :) #Xclusive #SemST	Atheism	0
Proud to be #TeamJinnah :) No Bhutto, no Imran's, only Jinnah's. :) #Inclusive #SemST	Atheism	0
Great baptism service at #woodgreen very moving stories of people's faith in #rich_lacey #SemST	Atheism	0
Great baptism service at #woodgreen very moving piece of people's faith in #rich_lacey #SemST	Atheism	0
Religious holidays should not be public. #RightsAndGrors #Transformation #SemST	Atheism	0
Religious holidays should not be celebrated. #RightsAndRecourse #Transformation #SemST	Atheism	0
I officiate #humanist & most #nonprofit weddings-starting at 99. Ask me about #student discounts. #216 #celebrant #weddings #SemST	Atheism	0
I officiate #humanist & most #nonreligious weddingevents starting at 99. Ask me about #student discounts. 2k16 #celebrant #weddings #SemST	Atheism	0
@@br_holden: Religions are perfectly happy to peddle an afterlife that doesn't actually exist. #freethinker #SemST	Atheism	0
RT @br_holden: Religions are perfectly happy to peddle an afterlife that doesn't actually exist. #freethinker #SemST	Atheism	0
RT @br_holden: Superstition-based thoughts tend to be wasted thoughts. #freethinker #SemST	Atheism	0
RT @br_holden: Superstition-based thoughts tend to be dangerous thoughts. #freethinker #SemST	Atheism	0
RT @br_holden: I say no to superstitious thought in all and religions in particular. #freethinker #SemST	Atheism	0
RT @br_holdham Just say no to superstitious thought in general and religions in particular. #freethinker #SemST	Atheism	0
RT @_holden: Atheists have every right to exist in the public spher#freethinker #SemST	Atheism	0
RT @br_holden: Atheists have every right to exist in the public spher#freethinker #SemST	Atheism	0
RT @GMHumanistHeir: We're currently looking for new members to join our choir, most welcome, no auditions. #87RT #choir est... #SemST	Atheism	0
RT @@HumanistChoir: Weare currently looking for new members to join our choir, all welcome, no auditions. #87RT #choir est... #SemST	Atheism	0
@Rowdman53 Atheist are offended with Christian Symbols + Only when when forced where they don't. #SemST	Atheism	0
@Rowlyman53 Atheist are offended with Christian Symbols but Only when when forced where they don't. #SemST	Atheism	0
Pushing beyond the absurd The light of darkened minds Railing against ancient words Seeking, priestingly open it is truth we find. #SemST	Atheism	0
Pushing beyond the absurd The light in hardened minds Railing against ancient words Talking, honest, open words is truth we find. #SemST	Atheism	0
Your word has given me life -Ps. 119:49-50 #SemST	Atheism	0
Your word has given me life -Ps. 119:49-50 #SemST	Atheism	0
God gives us the right to do what we want; as long as we understand the outcomes of our actions. #spiritual #SemST	Atheism	0
God gives us the right to do what we want; as long as we understand the outcomes of our actions. #spiritual #SemST	Atheism	0
The deeper I go with in- The deeper> the silence- the peace- the healing- the clarity- the vision- the belief- The deeper my #SemST	Atheism	0
The deeper I go with in- the whisper> the silence- the peace- the healing- the clarity- the vision- the belief- The deeper my #SemST	Atheism	0
RT @faithsns716: ms. 3:3-Who forgives all your iniquities ; who heals all your diseases #SemST	Atheism	0
RT @faithsns716: m103:3-Who forgives all your iniquities ; who heals all your diseases #SemST	Atheism	0
James 1:14 (#KJV) But every man is TEMPTED, when he is drawn away of his own LUST, and proficient. #God #Lord #Christ #Holy #Spirit #SemST	Atheism	0
James 1:14 (#KJV) But every man is TEMPTED, for he is drawn away of his own LUST, and rejoiced. #God #Lord #Christ #Holy #Spirit #SemST	Atheism	0
We are human. It is human. we eat and drink ourselves destitiously, fuck each other raw, and kill each other. #SemST	Atheism	0
We are humans. It is human nature to eat and drink ourselves destitute, fuck each other raw, and kill each other. #SemST	Atheism	0
RT @APrayer: Oh trinitis, one God, Have #mercy on us. #Catholic #SemST	Atheism	0
RT @GirlPrayer: Holy Trinity, one God, Have #mercy on us. #Catholic #SemST	Atheism	0
@LadyLydiaD When you become a, you realize that you are not the most important person in the room anymore.... Your child is. #SemST	Atheism	0
@LadyLydiaD When you become a mom you realize that you are not the most important person in the room anymore.But Your child is. #SemST	Atheism	0
Is near where you will be told not 2 preach in The Name Acts 4:12 There is salvation in no one else...NLT #SCM2015 #sports #SemST	Atheism	0
Is this where we will be told not 2 preach in The Name Ephesians 4:12 There is salvation in no 1 else...NLT #TCM2015 but #SemST	Atheism	0
What really builds a relationship is when we relate to what we don't understand about people. #Ezekiah #SemST	Atheism	0
What really builds a relationship is when we relate to what we don't understand about God. #Emunah #SemST	Atheism	0
I am human. I look forward to the extinction of humanity with daily anticipation. We deserve nothing less. #SemST	Atheism	0
I am human. I look forward to the extinction of humanity with eager anticipation. Humans deserve much less. #SemST	Atheism	0
Moral relativism does not feed on chaos but rather it feeds on chaos #Catholic #Christian #liberal #progressive #secularist #SemST	Atheism	0
Moral relativism does not feed into democracy but makes it feeds into chaos #Catholic #Christian #liberal #progressive #secularist #SemST	Atheism	0
By faith we receive what Christ did for us and we repent to show that we have received what He did. #repentance abandonement #SemST	Atheism	0
By faith we receive what Jesus did for us and we repent to show that we have received what He did. #repentance #atlement #SemST	Atheism	0
Let Your fear come to every soul in my city -Acts 2:43 #SemST	Atheism	0
Let Your fear come upon every soul in my city -Acts 4:43 #SemST	Atheism	0
"Absolutely fucking sick & tired of the religious and their ""We're persecuted"" bollocks! So fucking what? PissOff! #SemST"	Atheism	1
"Absolutely fucking sick and tired of the religious and their ""you're persecuted"" bollocks! So fucking what? Pissoff! #SemST"	Atheism	1
In other related news. Boko Haram has killed over 500 people in the last 48hrs. #SemST	Atheism	2
In other related news. Boko Haram has killed over 500 people in the last 48hrs. #SemST	Atheism	2
Join me on #Periscope M-F @ 8am! #Entrepreneurship #entrepreneurs #ChristianEntrepreneurs #SemST	Atheism	0
Join me on #Periscope M-F @ 8am! #Entrepreneurship #Productivity #ChristianEntrepreneurs #SemST	Atheism	0
Rejoice and thank God for everything in your life today. #grateful #SemST	Atheism	0
Praise and thank God for everything in your life today. #God #SemST	Atheism	0
If Jesus is real, it is impossible for your situation/environment to remain a desolate place! #Joy #Victory #NewThings #SonTalk #SemST	Atheism	0
If you are present, it is impossible for your situationand environment to be a desolate place! #Joy #Victory #NewThings #SonTalk #SemST	Atheism	0
Heaven and earth will pass away, but My words will not pass away. Matthew 24:35 #worship #SemST	Atheism	0
Heaven and earth will pass away, but My words will not pass away. Matthew 24:35 #Tworship #SemST	Atheism	0
#KCA #VoteJKT48ID premierdigi: Are Facebook and Twitter good places to defend your belief? How do you communicate? #christianity #d... #SemST	Atheism	0
#KCA #VoteJKT48ID premierdigi: Are Facebook and LinkedIn good places to defend your faith? How do you communicate? #christianity #d... #SemST	Atheism	0
@Crownholmradio899 however impossible it may sound, I really would have loved to be like the lord #HaveYourSay #SemST	Atheism	0
@CrownFmradio899 however crazy it may sound, I really would have loved to be with the lord #HaveYourSay #SemST	Atheism	0
Imagine a species that had split an atom and ventured into space yet most still believe a magic man created everything #magic #SemST	Atheism	1
Imagine a world that had split the atom and ventured into space yet most still believe a single man created everything with magic #SemST	Atheism	1
"Job said ""The thing I have most has come upon me and that which I was afraid of has happened to me"" Job 3:25 fear opens doors #SemST"	Atheism	0
Job said, The thing I greatly feared has come upon me and that which I was afraid of has happened to me -Job 3:25 It opens doors #SemST	Atheism	0
Jesus, you are my helper. Help me to rest and trust in you and your finished work in the Cross. Amen. #SemST	Atheism	0
Lord, you are my helper. Help me to rest and rejoice in you and your finished work at the Cross. Amen. #SemST	Atheism	0
The Lord is pleased w/every effort,even tiny,daily ones in which we strive to be more like Him.@T. Benson Edmonds #inspiration #SemST	Atheism	0
The Lord is pleased w/every effort, even vary,daily ones in which we strive to be more like Him.-Taft Benson #lds #sports #SemST	Atheism	0
I don't believe in the hereafter. I believe in the here and now. #SemST	Atheism	1
I don't believe in the hereafter. I believe in the here and eafter. #SemST	Atheism	1
If you want to live as a healer, you must be willing to change places with people who are hurting. #God #SemST	Atheism	0
If you want to live as a better person, you must be willing to change places with those who are hurting. #God #SemST	Atheism	0
Heb 10:12 this man, after he had offered one sacrifice for sins for ever, sat down on the right hand of God; #bible #SemST	Atheism	0
Heb 10:12 this man, after he had offered one sacrifice for sins for ever, sat down on the right hand of God; #bible #SemST	Atheism	0
Sometimes it's the broken heart that finds the truest path to love. #SemST	Atheism	2
Sometimes it's the broken heart that finds the truest path to love. #SemST	Atheism	2
Religious moderation is the product of the knowledge and scriptural resonance. - @SamOrg #SemST	Atheism	0
Religious moderation is the product of secular knowledge and scriptural ignorance. - @SamOrg #SemST	Atheism	0
Remember, #God has it all worked out. #SemST	Atheism	0
Remember, #God has it all worked out. #SemST	Atheism	0
What we are is what we define the world to be. #existentialism #spirituality #SemST	Atheism	0
What we become is what we want the world to be. #existentialism #spirituality #SemST	Atheism	0
I'm making it happen tho S/O to GOD. #Patience #Priorities #SemST	Atheism	0
I'm making it happen tho SemO to GOD. #Patience #Priorities #SemST	Atheism	0
Yeah I think maybe words just stopped mattering #SemST	Atheism	2
Yeah I think maybe words just stopped mattering #SemST	Atheism	2
Keep flowinz az da windz~ blend, bend and never break. #SemST	Atheism	2
stay flowin az da windz~ blend, bend and never break! #SemST	Atheism	2
May the Gods grant me many more freelance gigs in PDX #intention #SemST	Atheism	0
May the Gods grant me many more freelance gigs in PDX #intention #SemST	Atheism	0
@vicgreenaway so, why doesn't a hot air balloon pilot look down to horizon as it rises, rather than horizon being ALWAYS eye level. #SemST	Atheism	2
@vicgreenaway so, why doesn't a hot air balloon pilot look down to horizon as he rises, rather than horizon being an eye witness? #SemST	Atheism	2
@narendramodi @PMOIndia y politicians in d office can crucifest with partiality.. It is waste of tax payer money. #SemST	Atheism	2
@narendramodi @PMOIndia y politicians in the who can offer iftikar parties? It is waste of tax payer money. #SemST	Atheism	2
he better chill with them retweets #SemST	Atheism	2
he better chill with them retweets #SemST	Atheism	2
I want to give the world a hueA huge, huge huffy #human #4thofJuly #everyone #Setearth #SemST	Atheism	2
I want to give the world a hug. A huge, huge hug. #human #4thofJuly #everyone #planetearth #SemST	Atheism	2
My son, be wise, and make my heart glam, that I may answer him that reproacheth me. Proverbs 27:11 #SemST	Atheism	0
My son, be wise, and make my heart wisd, that I may answer him that reproachetsme. Proverbs 27:11 #SemST	Atheism	0
Had a great =@ worship rehearsal! Cant wait till Sunday! #bridgechurch2015 #bridgelaunchteam #Willacycounty #weloveyou #SemST	Atheism	0
Had a great time @ worship rehearsalCant wait till Sunday! #bridgechurch2015 #bridgelaunchteam #Willacycounty #weloveyou #SemST	Atheism	0
No religion is good that teaches man to be good and I know of none that instructs men to be bad. Thomas Paine #SemST	Atheism	0
Every religion is good that commands man to be good. I know of none that instructs him to be bad. Thomas Paine #SemST	Atheism	0
@athemom I like how Jesus is reduced to appearing on toast and photoshopped images and they still praise it. #SemST	Atheism	1
@godlymom I like how Jesus is reduced to appearing on toast and photoshopped images and they still praise it. #SemST	Atheism	1
@godmom @stereotypemedia @FlyPastafarian how come u NEVER talk about the GUY who raped his DAUGHTER for 18 years (siex) #SemST	Atheism	2
@godmom @stereotypemepls @FlyPastafarian how come u NEVER talk about the GUY who raped his DAUGHTER for 18 years (por ex) #SemST	Atheism	2
Life's just often a test to sort out the best from the wrest. #adversity #evolution #Heaven #Nirvana #Valhalla #SemST	Atheism	2
Life's just like a test to bring out the best from the unfit rest. #adversity #spirituality #Heaven #Nirvana Valhalla #SemST	Atheism	2
Hindus pay for Muslim subsidy for HAJ..but need security from Muslims to visit temples-Amaragyatra.. #indushademons #SemST	Atheism	2
Hindus pay for every subsidy for GJ..but need security from Muslims to visit temples-Amaragyatra.. #HindusUnderAttack #SemST	Atheism	2
The greatest tragedy in life is the prayers often go unanswered because they go unasked. #ghana #SemST	Atheism	0
The greatest ones in life are the prayers that go unanswered because they go unasked. #ghlondon #SemST	Atheism	0
@FaithtersUK how could you just not use religion and beliefs as an excuse for murder and hate? #don'tmurder #SemST	Atheism	1
@FaithMattersUK we could all just not use religion and spirituality as an excuse to murder and hate? #don'tmurder #SemST	Atheism	1
We become what we worship. So be wise in choosing what you worship for that is what you will become. #worship #SemST	Atheism	0
We become what we worship. So be afraid in choosing what you worship for that is what you will become. #worship #SemST	Atheism	0
Steppin' out in faith and love....have a safe and pleasant day, tweeple!! #love #happyday #SemST	Atheism	0
Steppin' out in faith and God.....have a safe and pleasant day, tweeple. #blessed #love #happyday #SemST	Atheism	0
Isaiah 43:15 I am the Lord, your Holy One, the Creator of Israel, the Kingdom#God #SemST	Atheism	0
Isaiah 43:15 I am the LORD, your Holy One, the Lord of Israel, your King. #God #SemST	Atheism	0
Come to me, all you who are weary and burdened, and I will give you rest. - Matt 11:28 #Rest #Peace #Scripture #Bible #SemST	Atheism	0
Come to me, all you who are weary and burdened, and I will give you rest. - Matt 11:28 #Rest #Peace #Scripture #Bible #SemST	Atheism	0
From the end of the earth I call to You when my heart is faint; lead me to the rock that is higher. I Psalm 64:2 NASB #HeIsHigher #SemST	Atheism	0
From the end of the earth I call to You when my heart is faint; Lead me to the rock that is higher than I Psalm 91:2 KJV MSG #HeIsHigher #SemST	Atheism	0
(-7:) the Father's active goodness and unrestricted love. - Breathless Trust by Amazing.... Lord, may I still trust your love for me. #SemST	Atheism	0
(-2) the Father's active goodness and unrestricted love. - Ruthless Trust by Manning.... Lord, may I forever trust your love for me. #SemST	Atheism	0
Best feeling is when you think you can't do it but you did! #Will #SemST	Atheism	2
Best feeling is when you know you can't do it but you did! #WOW #SemST	Atheism	2
Bind up the wounds of those whose cry comes to you, O God, rising from a tide, whose hope is in You's house. #grace #SemST	Atheism	0
Bind up the wounds of those whose cry comes to You, O God, rising like a tide, whose hope is in me alone. #SMSG #SemST	Atheism	0
My Jesus, I wish to do nothing but Thy most holy will. #Saint Philip Neri #Catholic #SemST	Atheism	0
My Jesus, I wish to do nothing but Thy's holy will. #Saint Philip Neri #Catholic #SemST	Atheism	0
@BJPScams @ANI_news Elections are nearing in Bihar / UP and TN so he may be against sickularism sorry #SemST	Atheism	2
@BJPScams @ANI_news Elections were nearing in Bihar / UP / TN now he may be so sickular... sorry #SemST	Atheism	2
Jer 18:11 But the #LORD is with me like a mighty warrior; so my persecutors will stumble and not prevail > #God #Love #SemST	Atheism	0
Jer 20:11 But the #LORD is with me like a mighty warrior; so my persecutors will stumble and not prevail > #God #Love #SemST	Atheism	0
By accepting religion, you are pulling a big fuzz ball of superstition into your brain. #freethinker #SemST	Atheism	1
By accepting religion, you are pulling a big fuzz ball of superstition in your brain. #freethinker #SemST	Atheism	1
"I love God but ""We are raped in life by men and then judged for being negative and complaining"" by Christians. #God #SemST"	Atheism	0
"I love God but ""We get raped in life by demons and then judged for being negative and self. "" by Christians. #God #SemST"	Atheism	0
As opposed to how the media portrays him,the pope is a religious wacko just like any of them and still supports bigotry & misogyny #SemST	Atheism	1
As opposed to how the media portrays it,the pope is a religious wacko just like any of them and still supports bigotry & misogyny #SemST	Atheism	1
One Nation on their knees, with blowjobs and semen for all. Heavens to Betsy! #ReligionIsBullshit #fyilive #SemST	Atheism	1
One is on their knees, with blowjobs and sex for all. Heavens to Betsy. #ReligionIsBullshit #fyilive #SemST	Atheism	1
I hope for a time when schools teach 'ethics' instead of'religion'. Sure - inc faiths bt in a sociocultl, geopoliticl context #SemST	Atheism	1
I hope for a time when schools teach 'academics' instead of'religion'. Sure - inc faiths bt in a sociocultland geopoliticl context #SemST	Atheism	1
What other nation is so great as to have their gods near them the way the Lord of God is near us whenever we pray to Him? #Eritrea #SemST	Atheism	0
What other nation is so great as to have other gods near them the way the Lord our God is near us whenever we pray to him? #Ephism #SemST	Atheism	0
We have to #Pray with our eyes on #God, not on the difficulties. #God #Godanswersprayers #SemST	Atheism	0
We have to #pray with our eyes on #God, not on the difficulties. request #Godanswersprayers #SemST	Atheism	0
Enough sneaking around, bringing in religious people into #abed public #schools to access our kids in secrecy. #pray #SexED #SemST	Atheism	1
Enough sneaking around, bringing in religious groups into public ed public public schools to access our kids in secrecy. #parents #ED #SemST	Atheism	1
@Maisie_Williams everyone feels that way at times. Not just women #SemST	Atheism	2
@Maisie_Williams everyone feels that way at times. Not just women #SemST	Atheism	2
Choose Him who died so that you may live, over him who lives so that you may die. - WTL Apologetics #DeadlySin #AInChrist #SemST	Atheism	0
Choose Him who died so that you may live, over him who lives so that you may die. - #RightsAndApologetics #DeadToSin #AliveInChrist #SemST	Atheism	0
@aigkenham @ATHE1STP0L compromise your intentional ignorance all the way to freedom from religion. The best plan!! #SemST	Atheism	0
@aigkenham @ATHE1STP0WER compromise is your ignorance all the way to freedom from religion. The best plan ever! #SemST	Atheism	0
With #SCOTUS done, It's time for @boyscouts to stop their bigoted practice of rejecting girl scouts at age 14. #EqualityForAll #SemST	Atheism	2
With #SCOTUS done, It's time for @boyscouts to stop their bigoted practice of rejecting #LGBT scouts at age 14. #EqualityForAll #SemST	Atheism	2
Subtract secularism from modern systems of superstism & you'll be left with the daily anarchy of archaic theocracy. #SemST	Atheism	1
Subtract secularism from modern systems of superstition & you'll be left with the ancient anarchy of archaic theocracy. #SemST	Atheism	1
#flipflops I am confirm. They also worship #Hitler, the prodiety and inventor of #SemST	Atheism	0
@flipflops I will confirm. They also worship #Hitler, the atheist diety and inventor of #SemST	Atheism	0
Mark 8.36-38.KJV For what shall it profit a man, if he shall soon gain the whole #world, and lose his own #soul?...pray #Pray #Love #SemST	Atheism	0
"Mark 8.36-38.KJV But what shall it profit a man, if he shall #gain the whole world, and lose his own #soul?..."" #Pray #Love #SemST"	Atheism	0
Why would I listen to someone that is not doing anything to better their life compared to a successful millionaire? #DonaldTrump #TN #SemST	Atheism	2
Why would I listen to someone that is not doing anything to better their life except to a successful millionaire?#DonaldTrump #ACN #SemST	Atheism	2
Question to all #religious folks out therewho can't comprehend the universe having began without a God. Where did God come from? #SemST	Atheism	1
Question to the #religious folks out therewho can't comprehend the universe having began without a God. Where did it come from? #SemST	Atheism	1
@evrttbr_mom is PRECIOUS. omg go get em #Europe4Jesus #awakeningeurope #benedicton #bethel #paulyman #heidsbakes #father #turc #abba #SemST	Atheism	0
@@nettbrd this is PRECIOUS. omg go get em #European2019 #awakeningeurope #benfitz #bethel #paulyman #heidsbakes #father #jc #abba #SemST	Atheism	0
@MovingForward @roomansi2010 Believe and Obey. Believe Jesus is the one who saves us every and by His death. Obey Acts 2:38-39. #SemST	Atheism	0
@Movingdisaster @roomansi2010 Believe and Obey. Believe Jesus is the Messiah who saves us from sin by His will. Obey Acts 2:38-39- #SemST	Atheism	0
If the majority of all humans were secular, the world would be a much different, probably better, place Realising that now. #SemST	Atheism	1
If the governments of all countries were secular, the world would be a much different, probably darker, place Realising this now. #SemST	Atheism	1
@truthway_eng Jesus commands you to read Acts 2:38-39 to be saved. #christian #christ #Mary #Bible #church #trinity #usa #uk #aus #SemST	Atheism	0
@truthway_eng Jesus commands you to follow Acts 2:38-39 to be asked. #christian #christ #Mary #Bible #church #trinity #usa #uk #aus #SemST	Atheism	0
What is the deal with most people always needing to feel like they are persecuted? #ReligiousFreedom #tcot #SemST	Atheism	1
What is the deal with #Christian people always needing to feel that they are persecuted? #ReligiousFreedom #tcot #SemST	Atheism	1
Patriotism and Humanism are impossible for someone who takes #Islam too seriously. #SemST	Atheism	1
Patriotism and Humanism are impossible for someone who takes #Islam too seriously. #SemST	Atheism	1
Bethany Hamilton Reveals She is Resting in God's Promises Despite 'Unknow #bible #biblestudy #scripture #Christianity #ChristianNews #SemST	Atheism	0
Bethany Hamilton Reveals She is Resting on God's Promises Despite 'Unknow #bible #biblestudy #scripture #Christianity #ChristianNews #SemST	Atheism	0
While I fantasize about bugs I am considering gods. ~ #TheLUPOL #atheism #futurist #singularity #AncientAliens #SemST	Atheism	0
While scientists fantasize about bugs I am considering gods. ~ #TheLUPOL #theism #futurism #singularity #AncientAliens #SemST	Atheism	0
#Religions can't all be right, but they can all be wrong. #SemST	Atheism	1
#Religions can't all be right, but they can all be wrong. #SemST	Atheism	1
"No, I'm not calling you ""agnostic"" because my atheism scares you and u don't know what words mean. #SemST"	Atheism	1
"No, I'm not calling myself ""agnostic"" because my atheism scares you and u dont know the words are. #SemST"	Atheism	1
Irony: When a #creationist tweets about #science being wrong on a device that couldn't have existed without it. #SemST	Atheism	1
Iron: When a #creationist tweets about #science going wrong on a device that couldn't have existed without it. #SemST	Atheism	1
Husbands, love your wives, as Christ loved the church and gave himself up for her, (Ephesians 4:25 ESV) #marriage #Christian #SemST	Atheism	0
Husbands, love your wives, as Christ loved the church and gave himself up for her. (Ephesians 5:25 ESV ) #marriage #Christian #SemST	Atheism	0
@ACLU Get rid of the ism... and all this will go away overnight... #humanist #egalitarian #SemST	Atheism	1
@ACLU Get rid of religion... and all this will go away overnight. #atheist #egalitarian #SemST	Atheism	1
Never debate with the devil... Give him an instruction to get behind you!! #SemST	Atheism	0
Never debate with the devil... Give them an instruction to get behind you!! #SemST	Atheism	0
Existing is something god have never been proficient at. #SemST	Atheism	1
Existing is something god have never been proficient in. #SemST	Atheism	1
Beginning to wonder if John 13:17 mark, buying & selling is relevant ala corporations' behavior (Civil War games), etc. #bible #SemST	Atheism	0
Beginning to wonder if Rev. 13:17 mark, mark& selling is relevant to corporations' behavior (Civil War s), etc. #bible #SemST	Atheism	0
But we have done all in our power that the Lord will find a way to open doors. - Spencer W. Kimball #pray #hope #SemST	Atheism	0
When we have it all in our power, the Lord will find a way to open doors s. - Spencer W. Kimball #courage #hope #SemST	Atheism	0
RT @XO_NayeLashay: In love with Gospel music.. Heals my soul,lifts my spirt, clears my mind & makes me appreciate what I do have. #SemST	Atheism	0
RT @XO_NayeLashay: In love with Gospel music.. Heals my soul,lifts my spirits, clears my mind & makes me appreciate what I do have. #SemST	Atheism	0
Mark 6:35-36 My Father, anything that has been scaring and hindering good from coming my way, Lord let it disappear #RCCG2015 #SemST	Atheism	0
Mark 6:35-36 My Father, something that has been scaring and hindering good from coming my way, Lord let it disappear #SCCGTR #SemST	Atheism	0
@Psett0_Anon @SuhaibSaqib1 very very Raising awareness and compassion is our goal. #SemST	Atheism	2
@PseusiAnon @SuhaibSaqib1 very truself-awareness and compassion is our goal. #SemST	Atheism	2
I have my work and my faith... If that's boring to some people, I can't tell you how much I love you. -Madonna Cicero #SemST	Atheism	0
I have my work and my music... If that's boring to some people, I can't tell you how much I don't care. -Madonna Ciccone #SemST	Atheism	0
#HemaMalini please think twice before making a statement. A couple has lost their kid. Please show some #SemST	Atheism	2
#HagMalini please think twice before giving a statement. A couple has lost their kid. Please show them #SemST	Atheism	2
How do they come up with such quality? Oh wait, they believe in a Sky-God. #fyilive, #SemST	Atheism	1
How do they come up with this insanity? Oh yeah, they believe in a story-God. #Kyilive, #SemST	Atheism	1
@Jaikulnashree #italianchachi420 #TDF/LDF in #Kerala the most backward southern states & cluelss #Hindus keep voting #marxism #SemST	Atheism	2
@Jaikrishnashni #itsmanchachi420 Upp/LDF made #Kerala the most backward southern state & cluelined #Hindus keep voting #marxism #SemST	Atheism	2
"But the Sovereign LORD does nothing without revealing his plan to his servants the prophets"" #Amos3v7 #SemST"	Atheism	0
"Surely the Sovereign LORD does nothing without revealing his plan to his servants the prophets"" #Amos3v7 #SemST"	Atheism	0
Loving who I am. Today was awesome because I enjoyed being me. Can't nobody steal my joy! #selflove #motivated #sports #SemST	Atheism	2
Loving who I am! Today was awesome because I enjoyed being me. Can't nobody steal my joy! #selflove #deathby #SemST	Atheism	2
Proverbs 28:5 (KJL) Evil men understand not judgment: but they that love the Lord understand all things. #pray #SemST	Atheism	0
Proverbs 28:5, KJVs. Evil men are not judgment: but they that seek the Lord understand all thing. #heart #SemST	Atheism	0
But always, please remember: fuck Harper, fuck conservatives, fuck religion #fuckharper #NDP #fuckcons #SemST	Atheism	1
As always, I remember: fuck viper, fuck conservatives, fuck religion #fuckleper #NDP #fuckcons #SemST	Atheism	1
My prayer is that you live as long as you want and not want as long as you live. #longlife #SemST	Atheism	0
My prayer is that you live as long as you want and not want as long as you live. #longlive #SemST	Atheism	0
"I believe that ""sacred"" is an ap term to describe existence #celebrant #SemST"	Atheism	0
"I believe that ""sacred"" is an ap term to describe existence #celebrant #SemST"	Atheism	0
Man God is going to test me.. Giving all my thoughts and questions to The Lord and Savior Jesus Christ.. He will guide me! #hope #SemST	Atheism	0
Man this is going to test me.. Answer all my prayers and questions to The Lord and Savior Jesus Christ.. He will guide me.. #hope #SemST	Atheism	0
We'd like to welcome Lucy Dee to the Atheist Apocalypse team! May God have mercy on your soul! #God #bible #podcast #SemST	Atheism	0
We'd like to welcome Lucy Dee to the Atheist Apocalypse Group! May God have mercy on your soul! #God #mercy #sports #SemST	Atheism	0
Life certainly has a way of surprising you. This last year and a half has been filled with trials and tribulations. But God! #patience #SemST	Atheism	0
Life has has a way of humbling you. This last year and a half has been filled with trials and tribulations. But God! #pray #SemST	Atheism	0
Check out Honest Liar on Netflix. James Randi is amazing. #Septic #SemST	Atheism	2
Check out Honest Liar on Netflix. James Randi is awesome. #Septic #SemST	Atheism	2
The experience of most LGBT people shows them that organised religion is often nothing but structured bullying. #SemST	Atheism	1
The experience of most LGBT people shows them that organised crime is often nothing but structured bullying. #SemST	Atheism	1
Just a reminder that humans do not need an education. We need clean water, air, housing, healthcare, and education. #SemST	Atheism	1
Just a reminder that humans do not need salvation. We need clean water, food, housing, healthsystems, and education. #SemST	Atheism	1
Jesus is not dead, he wasn't real #hesnotdead #SemST	Atheism	1
Jesus is not dead, he isn't real!notdead #SemST	Atheism	1
@FoxNews @Patriot_GirlsinTX @toddstarr Shame on @OregonGovBrown for not stepping in to rescind his ruling! #Disgusting #Wrong #SemST	Atheism	2
@FoxNews @Patriot_Girl_TX @toddstarnes Shame on @OregonGovBrown for not stepping in humankind this evening! #Disgusting #Wrong #SemST	Atheism	2
@SenSanders that's God. Loving each other unconditionally is what matters. #SemST	Atheism	0
@SenSanders there's God. Loving each other deeply is what matters. #SemST	Atheism	0
I think my username would be cool but now it looks stupid. #SemST	Atheism	2
I think my username would look cool but now it looks stupid. #SemST	Atheism	2
@Saberinah AndTheBricsis absurd like saying #nato membership will help #Russia #Pakistan is #islamist can't be friend of #india #SemST	Atheism	2
@SaberinZe @@BricsPost absurd like saying #nato membership will help #Russia #Pakistan is #islamic can't be friend of #india #SemST	Atheism	2
Lord, bring health and a cure to every area of my life, and give me an abundance of peace -Jer. 33:6 #SemST	Atheism	0
Lord, bring health and a cure to every area of my life, and give me the sense of peace -Jer. 33:6 #SemST	Atheism	0
This is lov, not that we loved God, but that he loved us and sent his Son as an atoning sacrifice for our love - 1 John 4:10 #love #SemST	Atheism	0
This is love: not that we loved God, but that he loved us and sent his love as an atoning sacrifice for our sins. 1 John 4:10 KJV #SemST	Atheism	0
#IslamicScholars have to critically think and to do research on this single most vital point. #Pakistan #Islam #HolyQuran #Hadith #SemST	Atheism	0
#IslamicChristians have to re-evaluate and to do better on this single but vital point. #Pakistan #Islam #HolyQuran #Hadith #SemST	Atheism	0
RT @PaulFetter: When your past calls, don't answer. It has nothing new to say. #TeamJesus #SemST	Atheism	0
RT @PaulGetter: When your past calls, don't answer. It has nothing else to say. #TeamJesus #SemST	Atheism	0
Bless those with a broken soul #SemST	Atheism	0
Bless those with a broken soul #SemST	Atheism	0
After the girls #Sheila #Munni and Muslim #Rahila, it's time for Christian Missionary in the item song world. #Bollywood #SemST	Atheism	0
Dear Hindu girls #Sheila #Munni and Muslim #RaGa a, it's time for Christian #Mary in the item song world. #Bollywood #SemST	Atheism	0
".. "" ""So decree whatever thou desirest to decree for thou canst only decree the life of the world #SemST"	Atheism	0
".. "" KJV So do whatever thou desirest to decree for thou canst only decree the life of this world #SemST"	Atheism	0
The enemy is not #Muslims #Christians or #Judaism. The real enemy is EXTREMISM. Humans killing humans. #RespectBeliefs #StopWar #SemST	Atheism	0
The enemy is not #Muslims #Christians or #Judgm. The real enemy is EXTREMISM. Humans killing humans. #RespectBeliefs #StopIslam #SemST	Atheism	0
John 10:11 I am the good shepherd; the good shepherd lays down His life for the sheep.. #Christ #Hall#Amen #SemST	Atheism	0
John 10:11 I am the good shepherah ; the good shepherd lays down His life for the sheep. #God #Christ #Hall#Amen #SemST	Atheism	0
Its really incredible how much this world needs the work of missionarian! #futuremissionary #lds #hope #hallnotfear #SemST	Atheism	0
Its really incredible how much this world needs the work of missionarian! #missionary #lds #hope #shallnotfear #SemST	Atheism	0
"Luke 11:5-9, 18:1-8 ""Oh Lord, avenge me of my adversary.."" #PstPeterock #EmpowermentService #SemST"	Atheism	0
"Luke 11:5-9, 18:1-8 ""Oh Lord, avenge me of my anniversary..."" #PstPeterMSG #EmpowermentSunday #SemST"	Atheism	0
God is good all of the time. All of the time, God is good! #YHWH #Yeshua #God #SemST	Atheism	0
God is good all of the time. All of the time, God is good! #YHWH #Yeshua #God #SemST	Atheism	0
IF GOD BRINGS YOU TO IT, HE'LL BRING YOU THROUGH IT. #GODKNOWS #WHATHEDOING #BEPATIENT #TRUSTANDBELIEVE #SemST	Atheism	0
IF GOD BROUGHT YOU TO IT, HE'LL BRING YOU THROUGH IT. #GODKNOWS #WHATHEDOING #BEPATIENT #TRUSTANDBELIEVE #SemST	Atheism	0
That my Aunt just sent me was clutch!!!! #SemST	Atheism	0
the scriptures Aunt just sent me was clutch!!!! #SemST	Atheism	0
Before I proceed in my life...Prayer has to lead me to follow that and you can't fail #startup #ThinkandGrowRich #SemST	Atheism	0
Before I proceed in any direction...Prayer has to lead me..follow that and I can't fail #startup #ThinkandgrowRich #SemST	Atheism	0
The people who walk in darkness Will see a great light; Those who live in a dark land, The light will shine on them. Isaiah 9:2 #SemST	Atheism	0
The ones who walk in darkness Will see a great light; Those who live in a dark land, The light will shine on them. Matthew 9:23 #SemST	Atheism	0
sing unto the LORD; for he hath done excellent things: this is known in all the world- Isaiah 12:5 #blessings #SemST	Atheism	0
sing unto the LORD; for he hath done excellent things: this is known in all the land - Isaiah 12:10 #blessings #SemST	Atheism	0
A gift from God, live your day responsibly and without regrets. #amwriting #parenting #amreading #Christianity #sports #SemST	Atheism	0
a gift from God, live your day responsibly and without regrets. #amwriting #parenting #amreading #Christianity #sports #SemST	Atheism	0
Azerbaijan: Pray for President Ilham Aliyya's salvation. #vom #pray #SemST	Atheism	0
Azerbaijan: Pray for President Ilham Aliyev-salvation. #vom #pray #SemST	Atheism	0
The #church is a hospital but the doctor is one: #Christian! #SemST	Atheism	0
The #Church is a hospital but the doctor is one: #Christ!! #SemST	Atheism	0
"@Ageoftheatheist ~ ""Age of the #Athetic "" where life has no purpose & no hope! #SemST"	Atheism	0
"@Anotheatheist ~ ""Age of the #Atheist"" where chaos has no purpose & no hope! #SemST"	Atheism	0
Give us the gifts and graces to be better vessels. Amen #SemST	Atheism	0
Give us the gifts and graces to be your vessels. Amen #SemST	Atheism	0
In the big picture, religion is bad for society because it blunts reason. #freethinker #SemST	Atheism	1
In the big picture, religion is bad for society because it blunts reason. #freethinker #SemST	Atheism	1
when you get distinctions for all your modules but started studying the day before for each because of shoots. Thank You Father!!! #SemST	Atheism	2
when you get distinctions for half your modules but started each the day before for each because of shoots. Thank You Father!!! #SemST	Atheism	2
Religion has destroyed the ability for some to say know. #SemST	Atheism	1
Religion has destroyed the ability for some to say know. #SemST	Atheism	1
I pray all the Lord for everybody!!! #SemST	Atheism	0
I pray for the best for everybody!!! #SemST	Atheism	0
@Brasilmagic @neiltyson there's no god 2b tired of, just tired o ppl believing in such nonsense. Time 2 focus on reality, HUMANITY #SemST	Atheism	1
@Brasilmagic @neiltyson there's no god 2b tired of, just tired o ppl believing in such nonsense. Time's focus on reality, HUMANITY #SemST	Atheism	1
There are dreams and desires that #God has placed in your heartthey are a part of your daily destinyors #SemST	Atheism	0
There are dreams and desires that #God has placed in your heartthey are a part of your divine providence. #SemST	Atheism	0
@MuhammadAli except for your belief in Allah. Gods are imaginary. Love and humanity are real. I love you. Be safe and take care. #SemST	Atheism	1
@Muhammad, except for your belief in Allah. Gods are imaginary. God and demons are real. I love you. Be safe and take care. #SemST	Atheism	1
"Atheist: ""God's guidance is the best excuse for a man who can't find a better justification for his actions. #SemST"	Atheism	1
"AtheistQ ""God's guidance is the only excuse for a man who can't find a better justification for his actions. #SemST"	Atheism	1
2 pretty sisters are pregnant with cancered kid #SemST	Atheism	2
2 sorority sisters are dancing with cancered kid #SemST	Atheism	2
You and I are part and parcel of everything else. Embrace this. #spirituality #SemST	Atheism	0
You and I are part and parcel of everything else. Embrace it. #spirituality #SemST	Atheism	0
"All that is needed for God for something to happen is to say ""#Be"" and it is; for God is capable of all things. has created divinity #SemST"	Atheism	0
"All that is necessary for God for something to do is to say ""#Be"" and it is; for God is capable of all things. #created #trinity #SemST"	Atheism	0
Ya....cuz Nicky Hilton HAD to marry up... Really? You had to land a bloody Rothschild too?? #SemST	Atheism	2
Ya..'cuz Nicky Hilton HAD to marry up? Really? You had to marry a bloody Rothschild too?? #SemST	Atheism	2
8 Holy Mary Mother of God, pray for us sinners now and at the hour of our death. #amen. #rosary #teamjesus #God #SemST	Atheism	0
8 Holy Mary Mother of God, pray for us sinners now and at the hour of our death... Amen. #rosary #teamjesus #God #SemST	Atheism	0
Heap mischief upon them, and spend Your arrows upon Ben-Deut. 32:23 #SemST	Atheism	0
Heap mischief upon them, and spend Your wounds upon them. Is. 32:23 #SemST	Atheism	0
God is good all the time, all the time God is good #unconditionallove #SemST	Atheism	0
God is good all the time, all the time God is good #unconditionallove #SemST	Atheism	0
Should we take the #DNA at birth of every human being on Earth? #science #economics #SemST	Atheism	2
Should we take the #DNA at birth as every human being on Earth? #science #economics #SemST	Atheism	2
Shit just don't stop but 1 thing I will not question... #SemST	Atheism	0
Shit just don't stop but 1 thing I will never question God #SemST	Atheism	0
1of 2 #Never be #afraid to #never #apologise for using the #word of #GOD and #analogies to #explain something in a #setting! #SemST	Atheism	0
1of 2 #Never be #afraid, and never #apologise for using the #word of #GOD as #analogies to #explain something in a #setting! #SemST	Atheism	0
How soon do you think WWIII &WWWIV will begin? #U9tedWeStand #EndRacism #EndReligion #EndSexism #EndMisogyny #LoveThyNeighbor #SemST	Atheism	1
How soon do you think WWIII &WWWIV will begin? #U9tedWeAre #EndRacism #EndDepression #EndSexism #EndMisogyny #LoveYourNeighbor #SemST	Atheism	1
The humble trust in God: 'Whoever leans on, believes in, and is confident in the Lord happyis blessed, and fortunate is he' #SemST	Atheism	0
The humble trust in God: 'Whoever believes knows, trusts God, and is confident in the Lord happy, blessed, and fortunate is he' #SemST	Atheism	0
Where will you be when @News2015 flies by Pluto? #NewHorizons #PlutoFlyby #Pluto #EndRacism #EndSexism #EndWar #Peace #SemST	Atheism	1
Where will I be when @Newsi2015 flies by Pluto? #NewHorizons #PlutoFlyby #Pluto #EndRacism #EndSexism #EndReligion #Peace #SemST	Atheism	1
No one can out work me in the woo department - Claudia May #godisloveislove #blacklives #SemST	Atheism	0
No one can out woo me in the woo department - Claudia May #godisloveislove #blacklives #SemST	Atheism	0
